date,north_平均氣壓(hPa),north_平均氣溫(℃),north_平均相對溼度( %),north_平均風速(m/s),north_累計雨量(mm),north_累積日射量(MJ/m2),south_平均氣壓(hPa),south_平均氣溫(℃),south_平均相對溼度( %),south_平均風速(m/s),south_累計雨量(mm),south_累積日射量(MJ/m2),central_平均氣壓(hPa),central_平均氣溫(℃),central_平均相對溼度( %),central_平均風速(m/s),central_累計雨量(mm),central_累積日射量(MJ/m2),east_平均氣壓(hPa),east_平均氣溫(℃),east_平均相對溼度( %),east_平均風速(m/s),east_累計雨量(mm),east_累積日射量(MJ/m2),Fuel_92,Fuel_95,Fuel_High,cabbage_平均價,cabbage_交易量,cauliflower_平均價,caulifower_交易量,chinese_cabbage_平均價,chinese_cabbage_交易量
2019-01-07/2019-01-13,1016.19,18.63,93.14,2.61,0.0,7.28,1016.39,20.49,86.57,1.36,1.93,8.4,1018.17,19.1,83.43,4.64,0.0,12.88,1014.78,21.07,81.5,1.73,0.0,14.7,25.0,26.5,22.7,20.4,4323.0,22.72,53975.33,10.63,7901.33
2019-01-14/2019-01-20,1016.24,16.81,85.43,3.41,3.93,9.18,1016.59,18.9,79.86,1.37,3.71,5.9,1017.86,17.17,80.14,5.09,0.09,10.94,1014.64,18.94,80.8,1.8,0.2,10.66,26.1,27.6,23.9,19.78,5407.17,24.18,37783.67,11.8,6472.67
2019-01-21/2019-01-27,1018.21,14.94,72.86,3.49,0.14,12.07,1017.86,16.84,78.29,1.16,0.64,5.67,1019.29,15.47,71.57,6.01,0.0,14.57,1016.0,16.07,76.0,2.2,0.0,13.37,26.4,27.9,24.2,20.47,6189.67,25.97,46511.33,14.42,7419.83
2019-01-28/2019-02-03,1016.41,16.44,84.43,2.09,0.36,14.28,1017.1,19.08,78.75,1.18,1.38,11.92,1018.7,17.97,76.29,3.16,0.19,15.33,1015.54,19.17,73.57,1.61,0.0,16.24,26.858285714285714,28.358285714285714,24.54171428571428,26.13,7547.17,26.87,59157.5,15.17,7284.33
2019-02-04/2019-02-10,1014.44,17.01,91.86,2.74,0.0,8.4,1017.1,19.08,78.75,1.18,1.38,11.92,1016.19,19.89,77.29,3.7,0.0,15.71,1012.92,21.07,78.0,1.67,0.0,15.95,26.858285714285714,28.358285714285714,24.54171428571428,19.65,4580.5,21.55,48470.5,20.55,5787.0
2019-02-11/2019-02-17,1018.25,17.58,92.5,2.87,0.17,8.12,1017.54,19.96,87.29,1.14,1.07,8.19,1019.6,20.1,77.71,4.4,0.0,17.53,1016.7,21.0,76.6,2.1,0.0,18.2,26.858285714285714,28.358285714285714,24.54171428571428,25.72,3644.83,28.13,35366.33,18.22,7048.83
2019-02-18/2019-02-24,1014.13,17.3,94.17,2.55,10.0,5.94,1013.57,20.41,87.43,1.17,2.57,9.47,1016.16,19.67,80.86,3.61,1.14,12.83,1012.56,21.6,77.6,1.94,0.2,12.64,26.3,27.8,25.1,37.86,3344.6,27.56,41437.6,18.94,6779.2
2019-02-25/2019-03-03,1011.76,17.9,92.43,1.97,2.07,7.85,1011.19,20.61,86.29,1.03,1.29,9.39,1013.96,20.24,78.43,3.29,1.4,15.6,1010.81,21.61,79.14,1.87,0.14,18.28,26.858285714285714,28.358285714285714,24.54171428571428,25.75,3144.33,22.6,43971.33,15.98,6328.83
2019-03-04/2019-03-10,1011.37,16.09,93.43,2.66,22.36,6.85,1011.2,18.3,89.29,0.89,12.43,4.7,1013.07,18.3,82.14,3.84,2.23,11.5,1010.08,18.5,92.0,1.75,4.62,7.13,26.858285714285714,28.358285714285714,24.54171428571428,22.47,3955.33,20.6,40947.33,17.03,5908.67
2019-03-11/2019-03-17,1014.33,18.11,73.29,2.39,1.07,11.9,1015.39,18.71,77.14,0.74,0.79,8.41,1016.41,19.86,69.29,2.93,0.0,14.05,1013.37,20.71,79.57,1.54,0.0,14.45,26.858285714285714,28.358285714285714,24.54171428571428,22.9,6606.17,36.9,27323.83,40.83,3802.5
2019-03-18/2019-03-24,1011.43,19.49,86.86,2.79,0.93,10.88,1011.69,21.13,82.0,1.33,0.57,10.84,1013.87,21.26,80.43,3.31,0.84,14.68,1010.62,22.42,82.33,1.35,0.0,17.54,26.8,28.3,25.9,31.85,1371.17,38.22,29795.17,39.47,6335.67
2019-03-25/2019-03-31,1011.26,20.53,83.29,2.63,6.43,16.23,1011.44,21.47,82.57,1.31,3.36,10.5,1013.96,22.2,79.0,2.87,0.2,19.64,1010.4,23.7,79.83,1.52,0.0,19.87,27.3,28.8,26.0,38.12,1199.83,32.1,38743.83,41.88,7225.67
2019-04-01/2019-04-07,1011.86,20.56,83.0,2.46,0.6,14.66,1011.97,21.39,84.86,1.01,2.79,11.61,1014.46,21.56,78.14,3.11,0.01,18.52,1011.31,22.5,80.71,1.89,0.0,18.85,27.5,29.0,25.9,41.38,1525.75,27.72,54915.0,24.32,12689.25
2019-04-08/2019-04-14,1008.94,22.11,85.86,2.33,2.93,16.26,1007.15,24.08,82.25,1.48,1.88,15.86,1011.59,24.03,77.71,3.49,0.0,21.82,1007.77,25.7,77.0,1.47,0.0,23.0,27.7,29.2,26.3,43.88,1014.33,26.9,32959.17,11.1,14717.67
2019-04-15/2019-04-21,1007.27,21.8,86.29,1.66,11.79,13.34,1008.04,22.22,84.4,0.84,3.4,8.89,1009.93,23.26,78.71,2.6,7.36,15.43,1007.22,23.88,83.5,1.58,15.88,11.84,27.9,29.4,26.7,27.4,2382.0,28.25,30166.0,9.47,11226.5
2019-04-22/2019-04-28,1006.54,25.51,83.43,2.5,2.36,20.23,1007.38,25.66,81.2,1.38,5.4,16.01,1009.99,26.2,78.57,2.73,0.0,19.68,1007.17,26.93,78.86,1.4,0.14,20.61,28.5,30.0,26.8,24.1,3870.17,39.65,15487.33,11.47,9081.83
2019-04-29/2019-05-05,1007.93,22.0,79.5,2.58,15.33,14.34,1008.07,22.69,81.29,1.1,7.07,9.07,1009.74,23.87,76.57,2.81,0.41,16.03,1007.04,24.46,86.14,1.4,9.29,12.78,28.6,30.1,27.3,25.85,2733.5,44.58,11981.67,12.42,9590.5
2019-05-06/2019-05-12,1006.4,21.6,87.43,2.4,2.86,12.08,1006.96,22.46,84.86,1.19,4.57,10.18,1008.18,22.42,83.17,3.42,0.0,13.36,1005.31,24.09,90.0,1.3,2.71,14.49,28.8,30.3,26.8,30.4,2252.17,43.88,11180.67,24.2,6829.67
2019-05-13/2019-05-19,1003.39,26.37,88.43,2.29,57.64,15.08,1003.63,25.76,84.0,0.89,8.0,13.27,1007.1,27.56,78.8,2.62,0.24,20.14,1004.83,27.56,85.71,1.29,6.93,17.0,28.6,30.1,26.6,25.0,3957.4,53.62,8755.6,27.36,7117.8
2019-05-20/2019-05-26,1006.34,24.36,81.29,1.56,3.21,14.44,1007.64,23.21,82.0,0.99,9.0,7.75,1009.0,25.31,76.43,1.89,6.24,15.33,1006.17,25.94,86.71,1.03,6.36,13.33,28.9,30.4,27.0,21.2,8011.58,40.77,10330.0,27.57,7261.33
2019-05-27/2019-06-02,1005.13,25.37,85.0,1.8,7.14,14.34,1005.24,25.01,86.29,1.0,2.57,11.88,1008.13,26.2,78.86,2.6,1.36,20.09,1005.36,27.31,83.29,1.39,1.36,17.61,28.8,30.3,26.8,18.92,5918.67,51.2,7683.83,24.33,10197.33
2019-06-03/2019-06-09,1004.34,27.94,81.71,2.59,2.29,18.08,1004.67,27.11,81.29,0.87,0.79,14.5,1008.41,28.53,77.0,2.51,2.9,20.53,1005.84,28.71,79.29,1.54,1.5,20.47,28.3,29.8,26.3,17.06,5878.6,31.08,16003.2,17.02,8342.6
2019-06-10/2019-06-16,1000.9,24.8,86.57,1.89,34.43,12.17,1001.24,24.91,88.71,0.8,15.43,8.4,1003.65,26.57,79.33,2.8,7.17,15.92,1001.34,26.81,89.71,1.63,38.79,12.73,26.9,28.4,24.8,15.62,7673.33,29.23,10280.83,20.78,7594.67
2019-06-17/2019-06-23,1002.6,28.75,80.67,3.03,0.08,22.4,1002.6,27.73,82.71,0.97,1.07,16.74,1006.64,28.77,76.71,2.6,1.2,22.92,1004.1,29.13,80.0,1.47,1.64,21.36,27.0,28.5,24.9,15.25,10264.25,54.63,4074.17,29.08,7241.5
2019-06-24/2019-06-30,1000.51,27.56,87.14,1.43,7.57,20.16,1001.01,27.59,85.43,1.0,20.36,16.91,1003.74,27.71,80.86,2.39,6.26,15.14,1001.26,27.84,86.29,1.84,4.14,14.2,27.2,28.7,25.1,15.68,8289.0,47.95,5764.0,26.82,6776.5
2019-07-01/2019-07-07,1000.37,28.84,77.86,3.33,0.93,17.08,1000.76,28.2,82.71,1.09,3.36,15.53,1004.9,27.87,78.43,3.33,8.0,15.56,1002.63,27.56,88.0,2.33,22.64,14.72,27.6,29.1,25.5,19.88,6165.5,53.17,4606.5,38.37,7545.83
2019-07-08/2019-07-14,1001.21,29.8,74.29,4.03,0.0,22.64,1001.47,28.49,79.57,1.24,0.5,21.51,1006.07,28.31,78.29,3.31,5.56,20.89,1003.86,27.83,88.0,1.89,23.57,16.59,27.2,28.7,25.1,11.47,7762.5,54.12,4303.17,26.65,6259.33
2019-07-15/2019-07-21,997.85,30.0,75.83,2.8,0.08,23.38,998.71,28.44,82.71,1.46,6.29,16.86,1001.57,28.5,78.14,2.14,3.57,18.6,999.01,27.99,88.14,1.49,23.07,14.38,27.6,29.1,25.6,18.8,5497.5,55.05,5753.67,35.47,7414.83
2019-07-22/2019-07-28,1003.13,28.69,79.57,1.69,1.43,24.12,1003.69,28.31,81.43,1.04,0.71,20.24,1006.41,28.49,76.71,2.31,0.01,22.82,1003.79,28.13,84.14,0.0,1.86,18.44,27.3,28.8,25.2,16.9,5323.83,50.68,5737.67,20.33,7953.33
2019-07-29/2019-08-04,1001.27,29.48,77.5,1.65,0.0,25.18,1002.59,28.53,77.43,1.19,0.0,22.16,1004.37,28.67,76.57,1.86,0.0,21.69,1001.66,27.84,86.14,0.0,17.79,18.93,27.2,28.7,25.1,25.82,2874.5,49.28,7043.33,19.05,8765.5
2019-08-05/2019-08-11,992.84,29.39,79.86,4.1,12.93,17.44,991.95,28.7,84.17,1.25,2.58,18.72,996.13,29.32,77.33,4.0,0.47,16.74,994.4,28.47,87.67,0.0,8.83,14.91,26.858285714285714,28.358285714285714,24.54171428571428,26.45,3307.5,54.15,6313.0,21.28,8696.33
2019-08-12/2019-08-18,998.23,28.89,79.0,3.36,2.93,21.43,997.26,28.84,81.2,0.78,0.0,14.78,1002.57,27.51,82.86,3.3,15.43,13.05,1000.43,26.7,94.43,0.0,61.5,9.41,26.3,27.8,24.1,26.68,2724.25,37.85,9404.0,19.23,9773.25
2019-08-19/2019-08-25,1000.22,27.6,84.83,2.1,2.75,15.62,1002.06,26.62,90.6,1.38,43.3,11.96,1002.7,27.53,80.71,2.33,1.36,14.11,1000.03,26.99,91.71,0.94,15.14,11.21,26.858285714285714,28.358285714285714,24.54171428571428,37.35,1512.67,65.67,2399.0,54.35,4370.83
2019-08-26/2019-09-01,1003.68,28.37,84.0,1.23,26.67,21.19,1005.18,28.12,85.17,1.05,0.33,22.08,1006.79,28.34,78.14,1.84,0.0,23.44,1004.0,28.03,87.29,1.2,5.93,17.94,26.6,28.1,24.4,54.67,679.0,67.73,2738.83,53.35,5589.67
2019-09-02/2019-09-08,1000.7,27.73,83.29,1.47,5.07,20.89,1000.7,27.1,90.6,1.18,2.1,17.05,1003.8,28.15,76.5,1.88,0.0,20.56,1000.78,27.35,86.83,1.28,13.08,15.84,26.5,28.0,24.3,56.0,1197.67,78.13,2819.67,35.9,7652.33
2019-09-09/2019-09-15,1004.11,28.16,79.43,2.16,2.5,21.57,1004.97,27.34,80.86,1.21,3.79,17.79,1006.64,28.51,74.43,2.33,0.0,17.97,1004.13,27.61,87.0,1.17,20.29,16.11,26.3,27.8,24.2,31.48,2093.83,62.08,4202.6,32.28,5508.0
2019-09-16/2019-09-22,1005.12,23.98,81.17,2.62,3.75,9.33,1002.61,26.21,77.43,1.61,13.29,15.29,1005.9,26.14,64.71,6.16,0.0,17.69,1002.72,25.93,77.67,2.3,3.83,19.07,26.8,28.3,24.6,24.07,4676.17,50.25,7057.83,21.73,10817.83
2019-09-23/2019-09-29,1011.17,24.97,80.71,2.99,5.93,17.82,1011.83,24.89,83.71,1.17,9.86,12.1,1013.19,25.97,71.57,3.41,0.0,20.88,1010.19,26.44,81.14,0.84,0.0,19.02,27.3,28.8,25.5,20.1,3812.0,49.4,12756.5,20.67,9935.67
2019-09-30/2019-10-06,1006.43,26.49,81.71,2.69,7.07,19.12,1006.87,25.93,81.86,1.36,9.36,13.53,1009.47,27.23,76.14,2.43,0.27,16.35,1006.59,27.01,83.43,1.23,0.21,15.05,27.1,28.6,25.0,16.65,7382.0,54.53,11705.5,16.1,6552.83
2019-10-07/2019-10-13,1009.71,25.67,75.43,2.54,0.0,21.75,1010.54,24.56,82.86,1.0,0.86,10.75,1011.87,26.5,74.14,1.99,0.0,19.68,1009.04,26.87,82.71,0.96,0.14,16.02,26.3,27.8,24.1,21.95,2843.0,45.33,17029.5,16.15,8840.0
2019-10-14/2019-10-20,1014.1,23.13,70.86,3.41,0.21,17.26,1013.5,23.69,75.86,1.54,0.14,11.17,1014.53,23.93,64.0,5.23,0.0,19.14,1011.39,24.8,76.43,1.34,0.0,16.56,26.2,27.7,24.0,17.25,3654.5,46.46,17807.6,15.52,9645.4
2019-10-21/2019-10-27,1010.93,23.2,71.71,2.53,0.0,16.66,1011.3,22.61,80.57,0.86,0.86,8.51,1012.7,23.66,69.57,2.96,0.0,18.31,1009.84,24.23,81.0,1.09,0.0,15.38,26.3,27.8,24.1,34.65,2685.5,35.87,33305.83,16.37,8365.5
2019-10-28/2019-11-03,1011.01,22.9,81.43,3.5,0.29,11.7,1011.93,23.56,85.71,1.39,25.36,8.46,1012.77,23.87,75.43,4.24,0.0,17.34,1009.66,24.84,82.57,1.64,0.0,16.3,26.4,27.9,24.2,31.27,2630.83,27.55,40484.0,13.03,9270.5
2019-11-04/2019-11-10,1010.64,21.7,68.71,3.7,0.07,15.22,1011.04,21.77,76.43,1.61,0.14,7.67,1011.39,22.19,65.71,5.36,0.0,17.27,1008.29,22.43,79.14,1.56,0.0,15.52,26.858285714285714,28.358285714285714,24.54171428571428,20.47,7892.83,42.3,19852.0,18.75,6865.17
2019-11-11/2019-11-17,1012.23,20.73,73.0,2.2,0.0,17.12,1013.24,20.74,75.43,1.1,0.0,12.87,1014.41,21.76,70.14,2.4,0.0,16.73,1011.41,21.87,79.71,1.11,0.0,15.71,26.6,28.1,24.4,17.82,6942.0,42.86,26806.4,20.84,10177.2
2019-11-18/2019-11-24,1013.17,20.36,85.14,3.66,2.93,10.32,1012.94,22.41,82.43,1.54,2.79,8.12,1014.0,21.53,74.29,4.87,0.0,11.89,1010.77,22.36,80.14,1.79,0.0,13.29,26.8,28.3,24.6,17.25,9130.17,27.95,41444.0,15.35,7693.83
2019-11-25/2019-12-01,1016.41,19.64,80.57,3.51,0.07,13.21,1016.77,20.3,81.83,1.37,0.5,6.88,1017.64,20.73,72.0,4.51,0.0,14.52,1014.5,21.47,80.57,1.49,0.0,14.77,26.9,28.4,24.7,15.65,10022.67,22.15,47605.83,19.48,5856.0
2019-12-02/2019-12-08,1019.64,15.17,76.0,4.21,16.71,8.05,1018.72,17.1,77.0,1.55,2.17,5.04,1018.86,16.49,65.86,8.11,3.93,10.81,1015.33,16.38,83.5,2.58,2.92,8.81,27.1,28.6,25.0,15.57,11027.83,28.68,37107.83,32.67,4994.0
2019-12-09/2019-12-15,1016.82,18.76,75.0,2.5,0.0,15.17,1016.67,19.04,77.0,1.19,0.21,11.42,1019.28,18.4,73.4,2.62,0.0,16.51,1015.63,18.53,80.5,1.33,0.0,16.77,26.9,28.4,24.8,24.47,3471.67,33.92,37035.17,25.57,7961.67
2019-12-16/2019-12-22,1014.31,18.56,90.0,2.11,0.57,6.98,1014.1,20.64,86.0,1.04,1.21,9.29,1016.43,19.99,78.29,3.34,0.0,12.56,1013.72,20.45,87.83,1.68,0.33,12.72,27.3,28.8,25.2,16.62,9515.33,19.63,58372.5,18.92,8751.33
2019-12-23/2019-12-29,1014.29,17.91,85.0,2.29,5.29,8.54,1014.83,19.26,85.0,1.19,4.14,7.22,1015.99,18.93,77.14,4.21,10.86,10.85,1013.72,20.45,87.83,1.68,0.33,12.72,27.6,29.1,25.6,18.45,6510.0,20.77,38911.67,12.55,7305.0
2019-12-30/2020-01-05,1018.99,17.26,86.14,2.39,3.64,11.47,1020.04,18.8,86.0,0.9,3.5,7.33,1021.17,17.97,80.86,3.07,3.43,11.64,1018.08,18.54,89.0,1.14,0.2,12.92,27.7,29.2,25.7,18.52,5554.5,26.28,31808.33,18.08,6467.0
2020-01-06/2020-01-12,1013.89,17.33,84.71,2.06,0.14,11.46,1014.07,19.21,84.14,1.09,2.86,9.24,1016.09,18.37,77.43,3.13,0.0,14.79,1012.87,19.0,85.86,1.59,0.0,15.52,26.858285714285714,28.358285714285714,24.54171428571428,22.27,4750.67,27.1,38348.17,17.85,6830.67
2020-01-13/2020-01-19,1015.77,15.69,83.57,2.77,0.29,8.65,1014.91,17.74,84.57,0.99,0.86,7.55,1017.0,17.55,75.5,3.58,0.0,16.07,1014.19,17.13,83.43,1.9,0.0,16.98,27.8,29.3,25.7,36.97,3435.67,19.95,53115.67,14.97,7679.5
2020-01-20/2020-01-26,1015.23,17.23,87.29,2.13,5.36,9.63,1015.03,20.27,82.29,0.77,0.64,8.63,1017.19,18.99,76.57,3.71,0.71,12.67,1014.0,20.07,83.86,1.66,3.07,15.17,27.1,28.6,25.0,35.45,6855.5,32.17,41782.0,13.48,6170.25
2020-01-27/2020-02-02,1016.67,12.69,71.71,2.3,0.29,12.03,1015.33,15.07,79.57,0.8,0.14,5.76,1018.03,14.23,62.71,4.84,0.0,15.6,1014.6,14.34,76.14,2.26,0.21,15.72,26.8,28.3,24.7,34.0,2416.67,40.33,21336.67,22.53,6144.67
2020-02-03/2020-02-09,1018.47,15.71,82.57,3.04,0.93,7.43,1017.69,17.57,83.86,1.06,0.93,7.52,1019.71,16.8,73.71,5.7,0.0,15.73,1016.36,17.34,82.57,2.2,0.0,16.84,25.9,27.4,23.7,40.16,1997.2,52.6,19432.8,21.96,7392.8
2020-02-10/2020-02-16,1014.9,17.43,84.0,1.82,7.75,11.69,1014.7,20.19,80.43,1.19,0.0,10.33,1016.79,19.79,76.29,2.49,0.57,12.99,1013.67,20.99,84.0,1.64,0.21,14.53,24.9,26.4,22.7,48.37,929.83,24.2,60695.5,18.35,7475.33
2020-02-17/2020-02-23,1021.54,15.5,76.86,3.16,0.0,16.48,1022.26,16.61,80.0,0.9,0.79,7.56,1023.4,16.43,69.14,4.19,0.07,18.43,1020.2,16.77,79.14,1.47,0.29,16.93,26.858285714285714,28.358285714285714,24.54171428571428,34.82,4023.0,24.47,47446.33,15.07,8714.17
2020-02-24/2020-03-01,1013.83,19.31,86.0,1.93,0.0,16.37,1014.09,21.39,83.29,1.16,0.29,12.06,1016.27,21.47,74.71,2.46,0.0,19.87,1013.14,22.37,81.71,1.5,0.0,20.43,25.5,27.0,23.3,26.72,5427.33,21.43,47087.5,11.63,8613.5
2020-03-02/2020-03-08,1013.41,17.97,84.0,2.7,1.36,12.42,1013.59,19.5,84.43,1.19,0.86,9.0,1015.14,19.97,73.43,4.21,0.07,17.48,1011.89,21.23,80.29,1.86,0.07,17.75,24.7,26.2,22.4,23.58,5699.83,22.1,39513.5,9.98,7278.67
2020-03-09/2020-03-15,1012.09,17.76,82.71,2.51,14.57,9.74,1011.81,19.33,83.86,1.23,3.71,6.88,1014.09,20.39,70.29,3.94,2.79,16.22,1011.03,21.39,81.71,2.0,3.36,15.15,24.1,25.6,21.7,23.07,4615.83,20.65,42085.17,10.83,6752.17
2020-03-16/2020-03-22,1012.11,20.26,81.0,1.89,1.21,14.58,1012.64,20.57,81.43,0.8,0.79,11.58,1015.13,21.91,70.29,1.97,0.0,19.03,1012.21,21.2,79.0,1.19,0.0,19.25,20.3,21.8,17.7,23.28,5294.17,29.1,30068.33,13.62,6710.17
2020-03-23/2020-03-29,1010.9,20.77,86.14,2.27,3.64,13.26,1011.01,21.96,86.14,1.09,3.0,11.38,1013.06,23.01,73.71,3.36,0.14,20.89,1009.9,23.87,77.71,1.83,0.5,21.01,19.0,20.5,16.2,20.13,6838.67,23.52,34297.5,11.0,8866.0
2020-03-30/2020-04-05,1013.24,18.09,86.29,2.59,5.64,6.29,1012.89,20.07,87.71,0.87,0.79,4.92,1014.77,20.61,74.0,4.6,0.79,14.33,1011.53,22.06,78.57,2.01,0.0,16.62,18.2,19.7,15.4,19.58,5902.2,25.9,29826.8,14.64,6052.8
2020-04-06/2020-04-12,1012.64,18.29,80.0,2.39,4.5,11.2,1012.13,19.4,86.14,0.87,1.86,6.29,1014.61,19.99,72.0,4.06,2.21,20.21,1011.31,20.76,79.71,2.0,2.64,19.08,17.3,18.8,14.4,22.38,4886.5,33.38,25142.33,21.82,6131.67
2020-04-13/2020-04-19,1011.27,20.44,73.14,1.84,0.0,21.48,1011.6,21.2,76.57,1.01,0.5,14.97,1014.14,22.07,64.29,2.26,0.0,23.12,1011.16,22.6,68.0,1.57,0.0,23.21,17.9,19.4,15.0,24.73,6189.17,34.98,24419.67,29.68,6370.33
2020-04-20/2020-04-26,1011.89,20.24,83.57,2.79,1.5,10.59,1012.36,20.99,88.29,1.53,1.21,7.68,1014.11,22.21,74.71,3.37,1.29,16.93,1011.0,23.26,79.43,1.8,0.0,16.78,17.0,18.5,14.0,21.63,6923.5,24.68,31072.0,14.93,9636.33
2020-04-27/2020-05-03,1009.36,23.76,76.29,2.27,0.0,21.92,1010.7,22.79,86.14,0.9,4.79,12.06,1012.34,24.9,70.71,2.27,0.0,24.42,1009.36,25.84,72.86,1.44,0.0,24.25,16.1,17.6,13.0,21.08,5669.97,30.65,22838.17,10.17,9048.0
2020-05-04/2020-05-10,1004.91,26.87,81.0,2.87,2.29,20.2,1005.47,25.8,88.29,0.99,4.0,13.91,1008.73,27.76,74.29,2.8,0.0,25.29,1006.04,28.47,75.71,1.53,0.0,25.53,16.2,17.7,13.2,17.45,7155.55,24.48,24177.33,9.72,9860.67
2020-05-11/2020-05-17,1005.69,25.84,79.29,2.0,2.5,21.19,1006.57,25.27,85.43,1.23,3.21,14.19,1008.51,27.13,73.0,1.91,0.0,22.28,1005.49,27.91,77.71,1.54,0.64,22.25,18.2,19.7,15.4,16.47,8172.83,20.37,17792.83,9.85,8322.5
2020-05-18/2020-05-24,1002.44,24.3,90.29,1.97,33.86,9.08,1002.47,24.1,92.71,0.76,8.29,6.56,1005.46,25.16,83.43,2.36,32.71,10.54,1002.93,25.39,90.71,1.67,37.64,8.19,19.1,20.6,16.3,21.57,6456.0,31.97,7479.33,17.9,6448.0
2020-05-25/2020-05-31,1006.17,26.0,86.29,2.36,9.93,16.79,1006.4,25.81,90.14,0.89,6.21,12.32,1009.66,27.39,79.29,2.46,14.29,19.51,1007.03,27.66,85.71,1.71,12.0,18.11,19.6,21.1,17.1,27.57,2729.29,46.57,5068.5,38.48,4018.83
2020-06-01/2020-06-07,1004.19,27.9,80.57,3.6,4.64,18.15,1004.31,27.89,81.57,1.11,5.0,19.55,1008.39,28.43,74.71,2.67,0.79,21.41,1005.81,28.79,79.29,1.47,0.64,24.65,19.9,21.4,17.4,41.72,1695.67,55.85,4358.5,56.12,3553.0
2020-06-08/2020-06-14,1004.69,27.46,82.57,1.93,1.29,17.63,1005.49,27.99,80.29,1.04,1.93,17.49,1008.14,27.84,78.29,2.31,3.79,17.06,1005.24,28.36,81.57,1.77,1.43,18.37,20.6,22.1,18.0,36.95,2299.67,73.92,2314.5,38.0,5649.67
2020-06-15/2020-06-21,1003.96,29.1,75.14,4.5,0.0,27.51,1004.21,28.74,80.0,1.21,1.86,22.54,1008.43,28.9,72.71,2.66,0.14,26.98,1005.57,29.27,76.86,1.6,0.93,21.94,21.4,22.9,18.8,24.5,3556.83,88.98,2512.33,32.17,5810.83
2020-06-22/2020-06-28,1002.84,29.66,74.29,4.11,0.0,26.34,1003.23,28.91,77.0,1.17,0.0,22.52,1007.13,29.47,72.0,2.94,0.0,25.78,1004.57,29.33,77.86,1.84,0.29,19.67,21.7,23.2,19.1,25.58,4821.8,45.18,8222.5,25.22,7202.75
2020-06-29/2020-07-05,1002.9,29.27,77.0,3.51,0.43,24.77,1003.36,28.56,81.43,1.24,0.93,18.86,1006.83,29.14,73.57,2.96,1.5,22.68,1004.33,28.67,84.14,2.09,8.79,18.28,22.0,23.5,19.4,18.63,6737.17,29.73,7799.17,11.57,10330.83
2020-07-06/2020-07-12,1002.77,29.97,72.57,4.33,0.0,21.43,1002.99,29.16,79.29,1.2,0.29,20.27,1007.1,29.47,72.57,2.71,5.64,24.33,1004.57,29.61,78.57,1.57,3.79,23.37,22.2,23.7,19.6,16.87,9380.5,43.38,4751.67,14.07,7212.83
2020-07-13/2020-07-19,1002.74,30.07,73.29,3.71,0.79,24.58,1003.24,29.01,79.0,1.39,5.71,22.42,1006.87,29.31,73.0,2.57,7.5,23.41,1004.29,29.17,81.14,1.41,4.64,21.32,26.858285714285714,28.358285714285714,24.54171428571428,13.52,9840.33,43.64,6017.6,15.36,8503.4
2020-07-20/2020-07-26,1004.93,29.63,76.71,2.19,0.64,25.18,1005.51,28.77,79.29,1.2,5.29,23.42,1008.26,29.27,73.86,2.3,1.21,23.83,1005.53,28.66,82.43,1.56,3.14,18.61,26.858285714285714,28.358285714285714,24.54171428571428,14.2,9448.67,51.08,3611.67,17.57,6434.17
2020-07-27/2020-08-02,1003.49,29.69,76.0,1.66,0.0,20.97,1005.11,27.81,82.43,1.13,3.36,19.08,1006.7,29.0,74.71,1.93,0.5,20.77,1003.96,27.67,87.29,1.23,14.57,15.28,26.858285714285714,28.358285714285714,24.54171428571428,13.83,7350.33,57.67,3831.17,32.2,4150.0
2020-08-03/2020-08-09,1003.11,28.94,79.14,2.2,5.64,20.32,1003.67,28.49,79.29,1.1,0.5,21.3,1006.43,28.53,75.57,2.41,2.07,20.65,1003.76,27.44,89.0,1.64,24.29,18.01,22.4,23.9,19.7,27.95,2747.83,51.9,5352.67,39.45,4521.17
2020-08-10/2020-08-16,1005.97,28.03,82.71,1.53,8.0,19.19,1006.7,28.17,79.43,1.13,0.21,20.35,1009.2,28.42,74.25,1.88,0.25,22.85,1006.03,27.41,87.71,1.64,14.71,17.53,26.858285714285714,28.358285714285714,24.54171428571428,44.72,1373.67,47.0,6792.2,38.04,5569.0
2020-08-17/2020-08-23,1003.24,29.14,76.71,1.87,4.21,23.22,1004.34,27.67,81.43,1.17,0.0,19.28,1006.53,28.74,74.43,2.1,0.07,22.36,1003.84,27.84,85.86,1.44,8.0,19.33,26.858285714285714,28.358285714285714,24.54171428571428,37.07,3524.67,54.02,5691.0,41.07,5213.17
2020-08-24/2020-08-30,999.19,29.34,77.0,3.46,0.07,21.61,999.23,28.31,81.14,1.16,1.36,21.27,1003.09,27.69,79.0,3.03,25.07,16.74,1000.79,27.01,90.14,2.17,48.57,13.35,26.858285714285714,28.358285714285714,24.54171428571428,35.7,2522.17,48.93,6676.67,21.97,9247.33
2020-08-31/2020-09-06,1002.21,27.77,79.43,2.24,3.36,20.65,1001.39,27.34,80.5,1.16,19.93,18.21,1005.0,28.36,73.29,2.74,1.07,21.91,1002.2,27.4,85.86,1.47,14.93,19.62,26.858285714285714,28.358285714285714,24.54171428571428,32.72,5017.0,53.7,8161.25,24.4,10080.5
2020-09-07/2020-09-13,1005.96,27.76,78.0,1.49,0.0,18.36,1006.49,26.36,82.0,0.9,5.64,15.42,1008.99,28.33,72.43,1.86,0.29,21.17,1006.17,27.83,82.0,1.19,0.5,18.92,26.858285714285714,28.358285714285714,24.54171428571428,25.88,4623.33,51.15,7059.33,24.37,8315.83
2020-09-14/2020-09-20,1006.81,28.01,84.71,1.64,6.36,20.58,1007.31,27.9,77.14,1.14,3.21,20.42,1009.59,28.91,75.0,2.11,1.64,21.91,1006.7,28.37,85.14,1.14,10.0,18.72,22.0,23.5,19.5,25.65,4694.0,46.78,10362.17,15.65,10390.5
2020-09-21/2020-09-27,1007.06,24.36,81.57,2.3,6.21,13.75,1007.1,24.84,81.0,0.96,1.07,8.06,1008.76,26.7,68.14,3.7,0.0,20.53,1005.66,27.33,81.86,1.23,0.0,18.41,22.2,23.7,19.6,35.16,3961.4,46.78,12877.8,15.06,9950.2
2020-09-28/2020-10-04,1006.01,24.1,82.71,1.97,1.36,16.16,1006.5,24.7,77.43,0.93,1.07,12.17,1008.23,26.39,70.71,2.69,0.0,20.58,1005.2,26.87,81.14,1.14,0.0,19.63,26.858285714285714,28.358285714285714,24.54171428571428,26.12,8452.0,44.48,21771.5,15.58,11560.5
2020-10-05/2020-10-11,1009.73,23.6,79.57,3.64,0.71,13.76,1009.5,24.71,76.71,1.36,0.57,9.5,1010.33,25.11,67.0,5.43,0.0,20.47,1007.19,26.01,77.14,1.54,0.0,18.21,22.0,23.5,19.3,38.33,3367.0,54.28,14271.33,20.77,8480.5
2020-10-12/2020-10-18,1009.87,24.56,81.29,4.56,0.14,17.15,1011.13,24.81,84.86,1.19,26.79,9.96,1011.44,25.74,74.86,3.61,0.0,18.39,1008.44,26.31,84.71,0.99,0.36,15.73,26.858285714285714,28.358285714285714,24.54171428571428,53.95,1125.67,50.23,17863.0,20.08,9627.33
2020-10-19/2020-10-25,1009.39,22.29,80.29,4.69,1.79,12.75,1010.37,22.89,83.14,1.17,12.21,7.38,1010.06,23.56,71.14,5.31,0.0,14.29,1006.9,24.37,82.86,1.59,0.14,14.09,26.858285714285714,28.358285714285714,24.54171428571428,76.37,1132.83,54.75,17185.83,22.1,8506.33
2020-10-26/2020-11-01,1011.47,23.86,71.86,3.91,0.0,17.99,1013.16,23.0,77.0,1.11,0.21,8.21,1013.23,23.89,70.71,3.81,0.0,17.5,1010.16,24.8,80.14,1.11,0.0,15.58,26.858285714285714,28.358285714285714,24.54171428571428,59.8,1684.5,47.22,28969.17,30.83,7401.17
2020-11-02/2020-11-08,1011.93,22.31,78.71,4.1,0.43,11.75,1012.59,23.21,78.86,1.49,4.36,10.0,1013.14,22.47,73.0,4.66,0.43,9.97,1009.91,23.23,83.86,1.56,0.79,12.43,21.5,23.0,18.9,33.9,5090.5,38.27,37247.83,33.55,8091.83
2020-11-09/2020-11-15,1014.87,21.69,73.57,4.89,2.0,13.82,1016.7,21.46,82.71,1.47,5.93,6.06,1015.56,21.8,73.0,4.99,0.64,9.9,1012.44,21.87,87.71,1.23,0.07,10.25,21.6,23.1,19.0,25.03,6947.83,43.62,35057.0,36.72,8523.0
2020-11-16/2020-11-22,1010.6,23.7,80.29,2.1,0.0,14.63,1011.76,23.93,84.57,1.06,4.79,12.15,1013.27,24.51,77.71,2.14,0.0,15.63,1010.24,24.8,85.57,0.89,0.0,12.52,21.9,23.4,19.2,23.68,9025.33,43.52,24827.33,35.3,8241.67
2020-11-23/2020-11-29,1015.66,21.63,76.86,4.27,0.0,13.55,1017.17,21.76,84.14,1.86,6.21,9.04,1017.33,22.6,74.29,4.01,0.0,15.22,1014.19,23.21,83.0,1.31,0.0,13.84,26.858285714285714,28.358285714285714,24.54171428571428,20.73,11207.67,32.53,36674.33,30.97,9373.5
2020-11-30/2020-12-06,1016.77,17.97,82.14,5.07,1.71,7.44,1016.93,19.69,81.86,2.2,3.14,6.51,1016.37,19.79,70.0,6.67,0.0,13.03,1013.11,20.36,78.43,1.86,0.0,12.15,22.1,23.6,19.4,25.55,6496.17,34.17,29513.83,18.83,11557.17
2020-12-07/2020-12-13,1013.09,18.8,89.71,3.51,3.86,5.39,1012.74,20.84,87.86,0.84,5.79,5.88,1014.39,20.29,78.86,5.31,0.29,10.0,1011.09,21.3,87.29,1.79,0.79,10.96,22.4,23.9,19.7,34.38,3883.33,39.4,29121.83,17.02,9548.0
2020-12-14/2020-12-20,1017.84,15.91,87.86,4.44,2.07,5.45,1017.9,18.31,83.43,1.94,1.43,7.04,1018.54,17.97,74.29,6.51,0.0,12.26,1015.11,18.86,81.71,2.23,0.0,13.08,22.8,24.3,20.2,37.77,3731.5,36.78,33840.67,16.72,8889.67
2020-12-21/2020-12-27,1014.01,17.8,85.71,3.11,3.43,8.37,1014.36,18.47,87.29,0.99,4.43,7.01,1015.76,18.63,77.14,4.7,0.5,10.85,1012.4,19.04,86.14,2.04,0.29,11.29,23.3,24.8,20.7,40.55,3276.67,38.0,31457.5,15.48,10284.5
2020-12-28/2021-01-03,1017.46,14.79,74.86,3.73,0.21,9.54,1017.14,15.86,78.71,1.3,0.36,5.49,1018.29,15.76,67.71,6.17,0.0,14.14,1014.87,15.91,77.0,2.2,0.0,13.63,24.0,25.5,21.3,44.45,2408.0,49.38,19778.5,14.63,9919.0
2021-01-04/2021-01-10,1018.47,11.96,82.86,4.0,3.57,4.71,1017.59,14.27,83.0,1.51,2.07,6.01,1018.9,14.19,66.57,6.9,0.0,11.83,1015.49,14.6,77.57,2.46,0.0,10.77,24.2,25.7,21.8,38.3,5350.17,53.33,20243.67,24.32,9581.0
2021-01-11/2021-01-17,1016.2,12.76,75.29,2.96,1.57,12.84,1016.06,13.91,80.57,1.34,1.86,9.34,1017.66,14.03,68.29,4.79,0.0,15.02,1014.29,14.2,74.86,1.99,0.07,15.44,24.7,26.2,22.3,42.6,5688.2,58.68,29223.8,27.92,14091.8
2021-01-18/2021-01-24,1012.73,17.51,78.29,2.77,0.0,13.79,1014.03,18.1,85.57,1.19,5.93,5.64,1015.1,16.9,77.0,3.23,0.0,13.92,1011.94,17.6,85.14,1.09,0.5,12.9,25.0,26.5,22.4,38.17,5182.0,29.27,60356.0,22.02,9983.17
2021-01-25/2021-01-31,1016.24,15.87,76.14,2.81,0.0,11.49,1016.74,17.16,79.43,1.06,2.07,9.42,1018.23,15.99,74.43,3.61,0.0,15.75,1014.96,16.74,81.86,1.6,0.0,16.79,26.858285714285714,28.358285714285714,24.54171428571428,26.6,8853.15,18.88,52037.83,10.43,10765.5
2021-02-01/2021-02-07,1015.57,16.91,77.14,2.33,0.0,17.38,1016.61,18.34,77.71,1.24,0.07,14.09,1018.31,16.73,77.0,2.53,0.0,17.52,1015.17,17.7,78.43,1.09,0.0,19.07,25.0,26.5,22.3,24.77,11176.67,18.1,57055.0,11.54,7794.4
2021-02-08/2021-02-14,1011.37,17.84,84.0,3.17,8.43,11.08,1012.21,19.19,86.57,1.64,4.0,10.03,1013.81,17.8,80.43,3.4,2.57,13.24,1010.59,18.74,86.29,1.66,1.0,15.12,26.858285714285714,28.358285714285714,24.54171428571428,21.25,21963.0,17.45,47219.75,11.1,5948.5
2021-02-15/2021-02-21,1015.94,15.81,71.0,2.93,0.0,19.42,1016.31,16.61,75.57,1.07,0.29,9.13,1017.8,16.71,67.57,3.37,0.0,20.29,1014.61,17.54,74.29,1.51,0.07,20.19,26.858285714285714,28.358285714285714,24.54171428571428,26.42,9660.25,19.1,39381.75,11.5,7813.5
2021-02-22/2021-02-28,1010.09,17.4,84.0,2.5,0.57,12.04,1010.29,19.94,85.14,0.97,0.43,11.3,1012.43,19.06,75.29,3.13,0.0,18.34,1009.17,20.74,80.14,1.46,0.0,19.5,25.5,27.0,22.8,20.0,11597.42,22.72,35104.6,15.64,6758.2
2021-03-01/2021-03-07,1014.73,16.66,89.29,2.61,10.43,6.53,1014.43,19.87,86.43,1.2,0.93,9.37,1016.7,19.11,75.57,3.8,0.0,15.43,1013.31,21.07,80.43,1.73,0.07,17.64,25.6,27.1,22.9,17.92,10103.98,24.53,26043.17,12.28,6378.67
2021-03-08/2021-03-14,1015.57,18.21,81.0,3.1,0.0,16.49,1016.19,19.86,84.86,1.31,2.0,8.47,1017.63,18.94,75.43,3.99,0.0,19.85,1014.27,20.8,80.57,1.59,0.0,20.5,25.7,27.2,23.0,20.53,7760.03,18.08,42857.67,15.47,5390.33
2021-03-15/2021-03-21,1010.34,18.41,84.86,2.01,0.0,12.68,1010.1,22.16,83.29,1.21,4.57,14.06,1012.47,20.97,75.14,2.9,0.0,20.1,1009.14,22.83,78.0,1.71,0.0,22.03,26.0,27.5,23.2,27.15,4193.5,19.15,33712.0,18.23,6574.33
2021-03-22/2021-03-28,1012.41,17.5,83.43,2.64,5.79,12.23,1012.59,19.46,82.0,0.91,0.29,10.68,1014.66,19.39,71.86,3.39,0.43,15.96,1011.39,20.53,79.0,1.71,0.71,16.53,26.5,28.0,23.8,26.78,4181.0,22.56,33791.2,16.56,7723.2
2021-03-29/2021-04-04,1005.84,22.79,86.57,2.14,0.0,13.2,1005.67,24.36,86.14,1.3,0.0,12.15,1008.63,24.8,77.0,2.34,0.0,18.55,1005.57,25.77,80.43,1.29,0.0,20.9,26.8,28.3,24.0,27.54,5627.8,14.7,43949.8,14.12,8194.8
2021-04-05/2021-04-11,1013.83,18.59,77.14,3.04,0.36,14.28,1013.91,20.61,78.43,0.99,3.71,9.82,1015.37,20.76,67.0,4.76,0.07,20.41,1012.06,22.17,73.86,1.9,0.0,17.92,26.858285714285714,28.358285714285714,24.54171428571428,29.73,4403.67,28.72,17794.67,15.82,7090.83
2021-04-12/2021-04-18,1011.16,20.86,76.71,3.09,0.14,14.27,1011.37,22.2,84.57,1.31,2.43,10.74,1012.97,23.09,70.71,3.63,0.0,23.01,1009.73,24.74,75.43,1.81,0.0,23.34,26.5,28.0,24.2,38.42,3297.33,31.15,20862.83,16.47,8740.83
2021-04-19/2021-04-25,1006.54,23.59,73.29,2.84,0.21,18.85,1008.09,22.0,83.29,1.27,7.57,12.27,1009.2,24.04,72.57,2.53,0.07,20.16,1006.1,24.9,79.43,1.44,1.07,18.4,26.858285714285714,28.358285714285714,24.54171428571428,48.27,2224.33,25.07,22149.33,11.53,8222.67
2021-04-26/2021-05-02,1009.53,22.63,81.43,2.06,7.57,16.41,1010.29,22.34,81.43,0.93,1.07,13.96,1012.66,23.76,72.86,2.06,2.14,18.25,1009.67,24.06,84.57,1.06,1.71,16.02,26.8,28.3,24.0,38.37,5368.0,24.02,21441.0,11.72,7220.5
2021-05-03/2021-05-09,1008.47,24.51,83.14,2.26,0.21,16.37,1008.99,24.8,85.14,1.1,0.71,14.48,1011.4,26.01,75.0,2.51,0.0,21.82,1008.37,27.29,77.29,1.54,0.0,22.86,26.858285714285714,28.358285714285714,24.54171428571428,28.55,5904.33,33.43,14009.5,14.13,7481.5
2021-05-10/2021-05-16,1004.96,27.56,79.86,3.04,0.0,24.89,1005.7,27.8,78.71,1.11,0.0,21.46,1008.7,28.36,72.57,3.09,0.0,27.0,1005.87,29.21,73.57,1.94,0.0,27.44,26.6,28.1,23.8,26.25,6107.17,35.55,10673.5,12.5,8032.83
2021-05-17/2021-05-23,1004.86,28.09,80.43,2.54,0.0,20.46,1005.27,28.19,80.57,1.1,0.07,19.61,1008.36,29.34,72.57,2.93,0.0,24.78,1005.57,30.2,73.14,1.9,0.0,26.38,26.7,28.2,23.9,18.62,9338.33,33.5,8298.5,15.75,5338.17
2021-05-24/2021-05-30,1004.21,27.51,81.71,3.51,4.36,19.65,1004.43,26.97,86.43,1.3,16.64,16.82,1008.06,28.9,74.14,2.83,11.21,22.45,1005.34,29.3,78.57,1.67,7.86,20.49,26.858285714285714,28.358285714285714,24.54171428571428,37.25,4460.33,48.33,4371.0,17.8,5839.33
2021-05-31/2021-06-06,1002.04,26.04,89.86,2.33,20.0,13.06,1002.14,26.61,89.0,1.23,8.93,13.84,1005.07,27.61,80.43,2.84,17.36,16.77,1002.49,27.8,86.86,1.94,66.5,15.81,27.0,28.5,24.2,25.32,6996.0,53.36,5381.4,33.9,4457.0
2021-06-07/2021-06-13,1005.16,27.94,81.43,1.9,0.07,25.4,1005.83,27.03,84.43,0.96,4.0,18.66,1008.2,28.13,74.43,1.8,0.86,24.07,1005.29,27.64,86.71,1.22,3.64,19.23,27.2,28.7,24.4,27.43,4430.83,79.42,2807.67,65.42,2476.83
2021-06-14/2021-06-20,1000.16,29.67,75.86,6.73,0.0,26.76,999.86,28.8,77.29,1.17,0.0,24.23,1005.46,28.93,77.14,3.03,6.5,19.87,1003.07,27.61,90.57,1.57,27.43,15.57,27.5,29.0,24.7,45.38,3075.4,93.16,1971.6,52.66,3885.6
2021-06-21/2021-06-27,1001.76,26.7,85.86,3.47,10.86,15.06,1001.67,26.94,88.71,0.93,6.07,12.52,1005.67,26.8,80.86,3.17,15.21,13.34,1003.39,25.91,94.0,2.19,39.21,11.24,27.6,29.1,24.8,53.62,2215.83,96.68,1476.5,38.33,4627.67
2021-06-28/2021-07-04,1002.29,28.7,78.14,5.14,0.5,24.21,1002.47,28.36,78.14,1.01,0.0,20.44,1006.89,28.36,77.86,2.9,13.64,24.55,1004.31,27.94,86.86,1.87,15.07,20.13,27.9,29.4,25.1,31.02,4660.75,115.88,1236.17,41.75,3878.5
2021-07-05/2021-07-11,1006.13,29.0,79.0,2.36,0.0,25.03,1007.19,28.96,76.71,1.2,0.43,24.67,1009.39,29.19,75.29,2.26,1.93,24.97,1006.49,28.81,86.14,1.51,5.43,21.08,28.2,29.7,25.4,26.57,6551.33,57.32,3219.17,40.1,6231.17
2021-07-12/2021-07-18,1004.06,29.27,75.86,1.97,0.0,22.16,1005.2,28.33,76.29,1.13,0.07,21.49,1007.29,28.49,74.43,1.87,2.64,24.75,1004.37,27.71,85.57,1.53,7.0,20.42,28.5,30.0,25.6,20.97,7525.17,44.1,6345.0,12.7,11552.2
2021-07-19/2021-07-25,994.94,28.87,78.86,4.81,11.86,19.76,993.3,28.99,78.0,1.14,0.64,19.23,998.37,28.74,76.57,3.57,1.64,20.22,995.51,27.9,89.29,2.34,16.07,15.48,28.6,30.1,25.7,21.47,10367.67,53.6,4860.83,19.23,6286.5
2021-07-26/2021-08-01,994.56,29.39,78.14,3.71,0.21,22.87,994.93,28.74,79.14,0.96,5.14,17.25,998.76,28.03,80.57,3.34,36.93,16.48,996.54,27.01,93.86,2.07,72.21,10.31,28.4,29.9,25.8,15.75,10681.17,44.98,6149.0,15.87,8241.17
2021-08-02/2021-08-08,995.54,26.76,89.43,2.2,32.07,12.03,995.73,26.76,89.29,0.63,8.43,9.45,998.86,26.94,84.14,3.74,51.07,9.54,996.76,26.31,97.29,3.1,56.64,4.9,26.858285714285714,28.358285714285714,24.54171428571428,15.4,8913.67,50.87,4624.17,24.55,7969.33
2021-08-09/2021-08-15,1004.19,28.49,79.14,3.07,0.0,24.35,1004.54,28.26,81.86,1.16,3.21,19.61,1008.07,27.54,79.29,2.8,11.36,20.17,1005.49,27.14,90.14,1.96,24.0,17.25,28.3,29.8,26.0,34.83,2587.33,82.92,753.83,74.95,2920.5
2021-08-16/2021-08-22,1005.63,28.39,79.0,2.09,0.0,22.92,1006.01,27.44,82.0,1.03,0.21,17.16,1008.96,28.44,76.43,2.01,0.0,23.98,1006.13,28.53,82.43,1.41,0.07,20.71,28.0,29.5,25.8,53.48,2068.0,133.1,1182.0,58.45,4764.17
2021-08-23/2021-08-29,1006.2,28.77,77.86,2.19,0.0,23.35,1007.19,28.26,79.57,1.16,0.0,21.6,1009.57,28.46,75.0,2.13,0.14,24.53,1006.74,28.2,82.43,1.57,12.07,21.94,27.6,29.1,25.5,40.98,3877.4,65.44,3908.2,44.52,6224.2
2021-08-30/2021-09-05,1005.59,28.89,78.57,1.77,0.0,22.06,1006.83,27.46,82.14,1.0,7.14,19.32,1008.89,28.31,76.14,2.09,0.57,20.04,1006.11,27.09,89.14,1.17,10.07,14.42,28.0,29.5,25.6,30.63,6864.83,69.6,3749.83,29.15,6899.67
2021-09-06/2021-09-12,1002.16,29.27,74.14,2.77,1.57,21.0,1003.49,27.21,83.0,1.11,21.43,17.43,1005.6,29.0,75.57,1.89,0.43,22.2,1002.73,28.36,87.43,1.16,0.43,17.73,28.2,29.7,25.5,27.05,6947.17,59.45,7074.83,37.37,6411.0
2021-09-13/2021-09-19,1005.87,28.93,77.57,2.64,0.0,23.13,1006.36,27.24,86.29,0.94,2.57,17.2,1009.34,28.83,75.86,2.1,5.43,22.1,1006.6,28.31,84.71,1.34,14.07,19.08,28.1,29.6,25.4,20.35,9752.83,57.12,6376.4,22.94,5888.8
2021-09-20/2021-09-26,1007.89,29.01,72.71,3.01,0.0,23.36,1008.99,26.96,84.14,0.99,4.64,19.41,1010.83,29.0,72.29,1.97,0.0,21.62,1007.96,27.89,84.43,1.26,7.5,18.75,28.2,29.7,25.3,17.8,15648.0,68.48,4139.4,30.14,4882.2
2021-09-27/2021-10-03,1005.59,27.93,73.71,2.73,0.0,23.18,1006.46,26.67,82.14,1.09,2.93,18.27,1008.46,28.61,72.43,1.9,0.0,21.59,1005.57,28.29,84.14,0.89,0.36,18.3,26.858285714285714,28.358285714285714,24.54171428571428,18.35,13491.17,60.32,5753.5,23.2,5875.33
2021-10-04/2021-10-10,1004.84,29.46,62.86,4.41,0.0,22.58,1007.94,26.84,79.43,1.16,2.57,17.68,1007.76,28.51,73.43,1.71,0.0,19.1,1004.91,28.17,83.86,0.99,0.0,17.06,28.3,29.8,25.4,42.47,4070.17,49.65,9611.83,23.18,6345.83
2021-10-11/2021-10-17,1005.33,26.54,78.0,5.49,9.07,13.24,1007.44,24.83,90.0,1.93,92.93,9.07,1006.4,26.94,76.57,3.8,0.57,14.36,1003.56,26.01,92.71,0.99,4.43,10.45,28.7,30.2,25.7,41.0,3621.33,41.7,16509.0,32.82,4645.2
2021-10-18/2021-10-24,1013.84,21.34,83.86,4.86,7.07,9.22,1013.87,22.73,89.14,1.11,0.57,7.86,1015.14,23.8,71.57,3.97,0.0,17.89,1011.91,24.59,84.29,1.36,0.0,16.87,29.5,31.0,26.6,57.77,2816.67,50.78,13705.33,56.38,4633.67
2021-10-25/2021-10-31,1013.89,22.63,74.14,4.66,0.0,15.62,1014.46,22.56,88.0,1.23,2.71,8.59,1015.51,23.89,69.43,4.06,0.0,18.31,1012.34,24.27,85.43,1.26,0.0,17.45,30.1,31.6,27.3,51.23,1561.17,60.2,15201.33,31.25,11724.17
2021-11-01/2021-11-07,1010.77,23.27,79.43,3.31,0.0,12.88,1011.61,23.34,91.29,1.0,1.21,9.11,1013.31,24.63,74.71,2.41,0.0,18.05,1010.19,25.0,87.43,0.96,0.0,16.9,30.2,31.7,28.0,67.57,1217.83,55.42,19093.17,23.02,11059.17
2021-11-08/2021-11-14,1014.41,17.99,73.14,4.61,1.86,11.74,1014.59,18.69,86.57,0.8,2.5,3.83,1015.74,20.11,64.86,4.56,0.36,15.34,1012.37,20.37,80.71,1.94,0.29,15.37,30.0,31.5,28.1,90.0,865.0,45.5,27587.6,16.7,10101.4
2021-11-15/2021-11-21,1010.39,21.99,81.29,3.37,2.86,12.14,1010.94,22.34,85.86,1.01,1.07,10.16,1012.93,22.71,76.71,2.76,0.0,15.19,1009.77,22.87,88.57,1.36,0.07,16.44,30.1,31.6,28.2,86.63,1087.5,40.97,28008.83,12.28,12966.33
2021-11-22/2021-11-28,1015.11,18.29,81.14,5.5,2.43,6.3,1015.64,19.54,88.57,1.11,3.79,4.74,1016.29,20.1,73.0,4.67,0.0,11.26,1013.06,20.31,90.0,1.7,0.36,11.36,29.8,31.3,28.0,59.57,3168.0,26.62,39162.5,11.27,8418.0
2021-11-29/2021-12-05,1015.99,17.74,68.57,4.84,0.0,15.16,1016.09,18.27,77.43,1.39,5.0,8.08,1017.09,18.71,63.71,4.84,0.0,15.86,1013.8,18.13,82.43,1.66,0.07,14.04,29.6,31.1,27.7,54.62,4128.0,30.02,37160.83,16.4,7433.67
2021-12-06/2021-12-12,1016.79,19.37,78.43,5.79,2.86,12.71,1017.6,19.33,83.29,1.24,0.36,7.52,1018.5,19.6,74.71,3.57,0.0,15.52,1015.4,19.3,86.71,1.11,0.0,16.39,27.3,28.8,25.3,46.7,3378.5,33.78,41141.6,19.68,9410.2
2021-12-13/2021-12-19,1016.04,18.03,77.0,4.93,0.36,13.22,1016.83,19.09,82.14,1.43,0.86,8.49,1017.39,18.97,72.29,4.63,0.0,13.76,1013.92,19.11,83.71,1.53,0.0,14.19,27.6,29.1,25.6,57.6,3079.0,26.17,41955.67,14.57,6936.33
2021-12-20/2021-12-26,1015.36,16.56,88.29,4.3,8.93,3.47,1014.71,19.46,86.71,1.13,2.21,7.23,1016.41,18.14,78.14,4.89,1.71,7.11,1013.09,18.73,95.71,1.74,1.64,8.14,27.7,29.2,25.7,73.68,2635.67,21.52,40641.83,17.0,7069.33
2021-12-27/2022-01-02,1020.86,15.63,80.43,4.5,0.43,9.97,1020.51,17.34,86.71,0.93,1.21,6.88,1022.33,16.9,72.57,5.03,0.0,14.27,1018.91,16.84,87.29,1.99,0.07,14.36,27.5,29.0,25.5,72.13,2121.0,31.08,25991.0,18.77,5250.0
2022-01-03/2022-01-09,1016.2,16.86,80.43,4.77,1.36,10.38,1016.01,18.16,89.86,0.91,3.93,7.65,1017.64,17.71,75.57,4.87,0.36,12.37,1014.26,18.14,89.29,1.79,0.0,14.14,28.4,29.9,26.4,63.27,2108.67,37.97,23019.5,20.12,6899.0
2022-01-10/2022-01-16,1016.67,14.57,78.14,4.09,0.64,8.56,1015.87,16.37,85.29,0.89,0.71,6.19,1018.37,16.21,70.57,4.27,0.0,15.07,1014.96,16.23,83.43,1.93,0.0,14.24,28.6,30.1,26.3,56.55,1957.5,34.0,35641.2,20.36,5990.4
2022-01-17/2022-01-23,1013.34,16.63,88.29,5.1,7.57,6.62,1014.24,18.36,93.71,1.29,11.14,6.75,1015.33,18.13,79.43,4.54,1.64,11.06,1012.04,18.57,94.0,1.74,2.36,10.88,29.2,30.7,26.3,63.63,5060.5,22.53,36987.83,18.38,4961.17
2022-01-24/2022-01-30,1012.66,16.74,89.29,4.87,1.71,8.17,1012.07,18.94,94.0,0.86,7.07,5.96,1014.23,18.1,80.43,5.19,1.0,10.47,1010.87,18.77,95.14,1.99,3.14,10.6,29.8,31.3,26.5,51.97,11441.83,38.93,28439.5,20.65,4065.5
2022-01-31/2022-02-06,1016.7,14.56,85.14,5.26,6.07,6.71,1016.49,17.6,84.43,1.17,1.86,6.98,1018.21,16.2,76.0,5.44,0.07,13.14,1014.76,16.99,86.57,2.24,0.0,15.51,29.8,31.3,26.5,51.8,7102.0,39.35,25383.5,25.85,1657.5
2022-02-07/2022-02-13,1013.69,15.86,89.57,3.64,4.71,5.12,1013.14,19.23,87.86,1.23,1.36,10.05,1015.67,16.86,80.43,4.51,0.21,12.92,1012.17,18.43,91.14,2.16,0.0,16.41,28.7,30.2,26.0,55.04,6957.8,43.6,28189.4,50.06,3268.4
2022-02-14/2022-02-20,1014.01,14.41,86.57,5.97,12.29,5.74,1012.94,17.61,87.0,1.57,4.79,7.34,1014.99,15.1,80.71,6.23,4.86,10.72,1011.46,16.14,90.71,2.43,4.86,10.04,29.9,31.4,27.5,43.52,5547.83,38.62,31671.8,38.06,4961.8
2022-02-21/2022-02-27,1018.5,14.67,86.71,5.51,11.86,9.1,1018.59,16.51,88.71,1.01,3.79,7.22,1019.81,15.6,79.0,5.23,3.07,12.68,1016.46,15.76,88.0,1.87,0.71,12.12,30.2,31.7,28.1,55.88,4960.67,46.8,21174.33,39.43,4594.33
2022-02-28/2022-03-06,1012.11,19.54,79.57,2.99,0.0,17.19,1012.7,20.71,84.14,1.17,0.71,11.46,1014.84,20.61,75.14,2.46,0.0,20.6,1011.59,21.64,79.0,1.26,0.0,21.59,30.7,32.2,28.5,52.95,3548.5,35.57,33442.5,36.23,8073.33
2022-03-07/2022-03-13,1011.56,17.41,80.14,2.41,4.71,21.16,1011.94,19.57,76.43,1.1,0.64,13.45,1014.1,18.99,70.43,2.96,0.21,21.12,1010.8,19.1,73.57,1.67,0.21,21.8,31.3,32.8,29.1,51.75,2123.67,42.42,28297.4,27.58,9680.8
2022-03-14/2022-03-20,1007.13,21.04,83.71,2.24,0.29,17.07,1007.8,21.69,88.86,0.93,1.57,10.56,1009.87,22.8,75.43,2.26,0.29,19.29,1006.71,23.51,78.57,1.21,0.0,17.45,31.6,33.1,29.4,53.02,1490.83,28.63,42635.67,16.93,10916.67
2022-03-21/2022-03-27,1010.01,18.63,90.14,3.59,15.5,7.24,1009.94,21.26,92.0,1.27,2.79,8.08,1012.37,21.51,80.29,3.53,6.29,12.55,1009.23,23.14,84.71,1.71,2.86,13.67,31.5,33.0,29.4,83.42,2093.33,31.42,25107.0,12.35,8813.0
2022-03-28/2022-04-03,1015.89,17.06,87.14,5.56,12.14,7.78,1015.74,20.09,86.43,1.13,3.21,8.87,1016.77,18.63,79.0,6.03,5.79,12.49,1013.4,19.3,87.57,2.1,0.0,10.9,31.2,32.7,29.1,61.7,4322.67,46.0,18404.67,16.38,8707.67
2022-04-04/2022-04-10,1012.11,21.1,73.43,4.03,0.0,24.55,1013.9,20.04,87.29,0.97,2.43,10.86,1014.74,21.57,74.86,2.69,0.0,23.73,1011.54,22.14,78.57,1.29,0.0,23.09,31.0,32.5,28.8,62.8,4219.6,59.48,18381.8,23.18,8267.8
2022-04-11/2022-04-17,1007.73,20.86,81.57,3.54,0.86,14.66,1007.69,22.07,86.14,1.16,5.0,10.1,1009.56,23.49,69.29,3.37,0.0,22.67,1006.34,24.0,74.43,1.5,0.0,20.88,31.0,32.5,28.9,51.65,5908.5,48.45,18356.33,18.2,8719.0
2022-04-18/2022-04-24,1009.89,22.01,84.0,2.09,1.86,14.91,1010.19,22.59,87.0,0.99,2.29,12.15,1012.56,23.59,75.29,2.7,5.36,19.59,1009.36,24.63,79.14,1.5,0.0,18.32,30.8,32.3,28.6,56.62,3720.33,50.0,14736.83,18.6,6601.83
2022-04-25/2022-05-01,1007.61,23.84,87.0,3.26,0.93,15.16,1007.46,25.59,85.43,1.5,0.14,17.5,1010.06,25.91,77.29,3.66,0.0,23.75,1006.91,26.9,78.14,1.89,0.07,22.27,30.5,32.0,28.3,32.03,4197.17,41.63,14382.33,17.35,6578.67
2022-05-02/2022-05-08,1009.47,21.66,84.86,4.37,2.71,13.83,1010.01,22.29,91.86,0.99,4.64,9.38,1011.54,22.97,79.29,3.5,2.36,17.86,1008.36,23.66,87.0,1.36,2.79,16.3,30.4,31.9,28.2,22.83,7386.17,33.32,20400.17,15.75,7660.67
2022-05-09/2022-05-15,1006.26,22.63,91.14,2.94,3.0,10.95,1006.14,23.61,94.86,0.99,17.5,9.18,1008.8,24.34,82.86,2.64,15.36,11.96,1005.8,25.1,85.86,1.5,10.79,11.07,30.3,31.8,28.1,19.75,7944.33,42.88,9648.17,16.02,6440.17
2022-05-16/2022-05-22,1007.07,21.6,86.43,4.07,4.36,14.26,1007.33,22.61,92.86,0.94,4.71,9.87,1009.16,23.03,80.29,3.44,6.29,20.03,1005.9,24.21,85.86,1.53,2.21,16.89,30.2,31.7,28.0,23.85,5199.0,74.46,4685.2,29.98,5424.8
2022-05-23/2022-05-29,1003.77,23.57,94.29,2.47,48.93,10.26,1003.81,24.59,94.29,0.76,6.93,9.06,1006.96,26.24,83.86,2.54,9.5,16.21,1004.21,26.63,88.14,1.54,18.07,14.67,30.2,31.7,28.0,41.3,4144.83,44.13,9562.67,33.5,5358.83
2022-05-30/2022-06-05,1001.59,27.81,82.86,4.24,0.29,22.65,1002.47,27.11,87.86,1.09,11.79,18.22,1006.8,28.4,77.57,3.0,0.64,25.7,1004.14,28.07,82.14,1.47,4.93,21.4,30.1,31.6,27.9,49.36,3933.6,69.52,5827.2,29.88,5886.0
2022-06-06/2022-06-12,1002.17,24.59,91.86,2.9,32.5,8.34,1003.26,25.46,92.14,1.01,9.57,10.81,1006.8,26.89,82.14,2.57,20.86,12.93,1004.24,26.99,85.71,1.77,16.14,14.15,29.5,31.0,27.3,30.73,4424.33,40.2,7091.5,28.23,4890.33
2022-06-13/2022-06-19,1003.0,26.83,85.43,3.4,3.36,16.62,1004.01,27.3,86.14,1.16,1.14,16.9,1008.07,28.64,76.29,2.7,0.0,23.51,1005.4,28.49,79.14,1.39,2.36,22.11,29.5,31.0,27.3,26.67,3328.5,66.12,3630.83,39.6,5251.0
2022-06-20/2022-06-26,1003.86,27.96,80.57,2.53,0.79,24.43,1005.34,28.23,81.43,1.01,2.86,21.61,1008.31,28.73,76.0,2.51,1.57,26.21,1005.46,28.9,76.86,1.64,0.57,23.13,29.6,31.1,27.4,29.72,3084.83,85.92,2192.17,30.58,5372.67
2022-06-27/2022-07-03,1001.17,28.34,82.14,1.71,2.64,22.3,1003.33,28.69,77.43,1.16,7.29,18.31,1005.27,28.3,77.29,2.1,5.57,22.05,1002.43,27.47,86.57,1.44,13.43,16.54,30.0,31.5,27.7,36.07,3121.33,92.0,2039.5,30.72,5357.67
2022-07-04/2022-07-10,1002.27,28.67,81.14,2.54,1.36,25.18,1003.34,30.69,71.43,1.69,0.0,20.03,1006.7,29.06,75.29,2.69,0.36,24.22,1003.99,28.34,82.86,1.73,6.36,20.94,30.0,31.5,27.8,41.78,1853.92,101.85,1665.17,25.25,4946.0
2022-07-11/2022-07-17,1000.74,29.84,74.14,3.73,0.21,24.39,1002.04,28.9,79.14,1.17,0.0,23.66,1005.81,29.51,73.71,2.5,0.07,23.7,1003.11,28.4,83.71,1.31,4.21,17.53,29.8,31.3,27.6,52.2,1315.33,80.55,2504.33,34.83,4665.17
2022-07-18/2022-07-24,1003.73,30.03,76.29,3.49,0.0,26.82,1005.01,29.4,77.29,1.33,0.0,25.48,1008.5,29.71,76.0,2.69,0.86,25.62,1005.69,29.66,80.43,1.5,0.0,23.96,29.5,31.0,27.2,66.97,1224.83,64.6,3742.4,32.1,5387.6
2022-07-25/2022-07-31,1001.1,29.49,78.57,1.81,3.64,25.18,1002.16,28.79,78.0,1.2,9.0,24.06,1005.24,29.63,74.43,1.93,11.5,25.09,1002.31,29.09,82.14,1.23,4.21,21.07,29.3,30.8,27.1,45.68,4837.5,61.45,3379.83,35.98,5822.67
2022-08-01/2022-08-07,1003.44,28.86,77.71,1.71,6.43,21.94,1005.16,27.89,81.71,0.93,2.57,20.04,1007.57,28.34,77.71,2.04,4.86,20.74,1004.66,27.33,86.86,1.24,16.0,16.14,29.5,31.0,27.3,28.25,7271.17,50.08,5957.83,29.55,5196.67
2022-08-08/2022-08-14,1003.31,29.33,77.86,1.77,0.0,24.16,1004.94,28.8,77.57,0.99,0.0,23.68,1007.51,28.8,75.29,1.96,0.5,24.85,1004.64,27.76,84.0,1.36,21.14,19.72,29.8,31.3,27.6,29.92,6876.0,68.13,4491.67,35.62,6765.67
2022-08-15/2022-08-21,1002.57,29.14,80.0,2.09,0.07,21.6,1004.0,28.91,78.0,1.2,0.0,24.02,1006.81,28.8,76.43,2.14,4.14,21.72,1004.01,27.74,85.71,1.56,12.57,19.55,29.6,31.1,27.4,16.64,7415.0,75.28,3691.4,20.98,7793.2
2022-08-22/2022-08-28,1002.73,29.63,78.0,2.24,0.14,23.36,1004.63,28.64,77.0,1.01,6.21,21.81,1007.13,29.49,75.0,2.1,6.29,23.5,1004.26,29.06,80.71,1.39,7.57,21.65,29.5,31.0,27.4,20.83,6364.5,70.58,4427.4,28.2,6824.8
2022-08-29/2022-09-04,998.94,27.97,82.43,4.4,7.93,13.37,997.66,28.71,81.14,1.19,0.43,16.7,1002.7,28.5,76.71,3.96,0.86,18.26,999.66,27.46,86.71,2.24,17.79,13.34,29.2,30.7,27.0,20.12,7434.67,67.97,4191.83,35.42,5535.17
2022-09-05/2022-09-11,1005.31,27.03,74.0,4.04,0.36,18.01,1006.0,26.34,80.14,1.34,7.14,15.87,1008.57,27.91,73.71,3.0,0.0,19.53,1005.66,27.51,84.57,1.56,1.07,16.19,29.1,30.6,26.8,25.43,5745.83,53.72,7341.67,49.92,4019.0
2022-09-12/2022-09-18,1000.11,27.1,77.86,2.57,2.07,20.36,999.91,26.87,83.86,0.93,3.79,16.7,1004.2,27.94,73.29,2.33,0.64,21.06,1001.13,27.16,80.14,1.61,0.07,17.97,29.0,30.5,26.8,29.4,3801.83,58.04,9764.4,40.68,6574.0
2022-09-19/2022-09-25,1006.23,25.47,71.71,4.64,0.07,15.85,1006.36,25.73,80.71,1.4,4.43,14.2,1008.06,26.54,69.29,3.4,0.0,22.61,1005.06,26.56,82.0,1.34,3.64,15.46,29.2,30.7,26.9,32.88,3340.0,63.9,12721.0,29.1,13659.4
2022-09-26/2022-10-02,1006.6,27.64,78.0,2.39,0.0,21.74,1008.4,26.69,86.29,0.8,7.86,17.17,1009.9,28.06,77.71,1.5,0.0,21.47,1006.93,28.33,80.14,1.04,0.0,19.62,29.2,30.7,26.9,37.38,3676.83,56.67,13869.33,14.93,10350.5
2022-10-03/2022-10-09,1010.56,26.27,78.43,4.69,0.0,17.24,1011.64,25.37,88.43,1.4,55.29,12.88,1012.89,27.57,75.14,2.54,0.0,18.83,1009.89,27.66,82.57,1.06,2.71,17.19,29.3,30.8,27.1,21.23,5230.33,48.4,20273.0,19.97,6781.33
2022-10-10/2022-10-16,1009.24,22.83,79.43,6.94,12.86,9.9,1009.37,23.73,87.29,1.84,22.07,8.36,1009.3,24.14,72.57,5.59,0.5,15.16,1006.17,24.43,80.57,1.66,0.29,16.66,29.2,30.7,26.9,21.37,8257.67,46.47,20439.0,29.23,4995.33
2022-10-17/2022-10-23,1011.49,22.3,80.71,6.91,4.07,12.61,1011.89,23.5,84.29,1.89,12.64,6.83,1011.79,23.71,73.14,5.26,0.07,16.5,1008.5,24.17,81.43,1.47,0.14,13.5,28.9,30.4,26.7,18.43,8779.17,60.36,18103.0,30.72,6933.6
2022-10-24/2022-10-30,1011.09,23.06,70.71,6.96,0.14,16.07,1013.0,22.43,77.71,1.71,13.07,9.61,1012.1,23.63,70.71,4.23,0.0,17.31,1008.96,24.23,78.43,1.17,0.0,15.41,28.8,30.3,26.6,34.53,5230.83,54.75,20856.0,37.6,4740.33
2022-10-31/2022-11-06,1010.63,21.47,84.29,6.73,10.21,12.8,1011.3,22.49,88.57,1.74,27.86,7.49,1011.13,22.79,78.14,5.59,1.57,13.48,1007.87,23.5,85.0,1.51,0.86,12.39,29.1,30.6,26.9,23.67,7926.33,45.85,25976.17,35.93,5496.83
2022-11-07/2022-11-13,1011.33,23.89,83.86,3.1,0.0,14.34,1012.86,23.57,86.0,1.03,3.21,12.09,1014.43,23.86,83.14,2.4,0.0,15.17,1011.3,24.34,86.43,1.07,0.0,16.02,29.1,30.6,26.8,26.73,7373.5,45.97,21414.67,23.38,9258.67
2022-11-14/2022-11-20,1010.97,22.99,85.86,3.56,0.0,11.93,1011.83,23.54,86.29,0.91,4.86,10.44,1013.84,23.66,82.14,2.66,0.0,15.29,1010.63,24.17,85.86,1.13,0.0,15.22,29.0,30.5,26.8,33.06,6316.4,31.56,37593.4,19.7,7437.0
2022-11-21/2022-11-27,1010.54,21.99,88.86,3.17,14.36,8.46,1011.29,22.91,89.43,0.84,1.43,6.85,1013.24,23.23,82.57,2.43,0.0,10.65,1010.03,24.43,84.86,1.2,0.0,12.06,29.2,30.7,27.0,28.67,5782.83,30.82,26777.5,24.77,5908.0
2022-11-28/2022-12-04,1013.04,20.47,89.71,5.01,1.43,9.22,1013.21,22.69,82.86,1.24,0.0,10.88,1014.73,22.51,78.86,4.87,0.0,13.94,1011.37,23.19,82.14,1.74,0.0,15.61,29.1,30.6,26.9,36.72,6123.83,43.55,21578.5,31.48,4737.67
2022-12-05/2022-12-11,1012.76,17.64,89.43,5.44,6.21,4.88,1011.3,21.06,78.86,1.44,0.07,9.66,1013.49,19.74,75.71,6.2,0.0,12.35,1009.99,20.3,79.0,2.2,0.0,16.05,29.3,30.8,27.1,53.05,4888.0,53.07,18951.17,43.55,4626.5
2022-12-12/2022-12-18,1015.98,14.34,82.4,7.0,3.2,6.62,1015.76,18.51,79.14,1.3,2.29,5.25,1016.39,16.76,73.0,7.36,3.64,6.48,1013.1,17.41,78.14,2.79,1.5,10.61,28.9,30.4,27.3,50.03,4732.33,61.82,21549.0,57.0,3463.8
2022-12-19/2022-12-25,1015.26,13.69,63.86,3.86,0.0,15.19,1015.16,15.6,68.71,1.07,0.0,8.78,1016.77,15.0,59.0,4.67,0.0,16.43,1013.37,14.21,72.71,1.71,0.0,16.66,29.0,30.5,27.3,63.62,2901.5,70.85,16476.0,47.65,5770.83
2022-12-26/2023-01-01,1018.6,16.47,78.29,6.27,0.0,9.67,1019.63,17.8,81.57,0.97,3.93,7.19,1020.49,16.77,75.29,5.56,0.0,11.59,1017.16,16.53,80.86,1.64,0.0,12.41,29.1,30.6,27.9,67.87,2766.33,61.25,21486.0,37.45,6134.83
